GEN,No.,Pokemon,Type 1,Type 2,Kanto,1361,Johto,1004,Hoenn,1056,Sinnoh,798,Unova,644,NewUnova,432,Kalos,733,Alola,1022,TOTAL,Respondants,%
1,130,Gyarados,Water,Flying,521,38.3%,404,40.2%,180,17.0%,148,18.5%,,,,,56,7.6%,42,4.1%,1351,5974,22.6%
1,006,Charizard,Fire,Flying,828,60.8%,87,8.7%,,,,,,,,,299,40.8%,,,1214,3098,39.2%
1,018,Pidgeot,Normal,Flying,706,51.9%,275,27.4%,,,,,,,,,50,6.8%,,,1031,3098,33.3%
2,169,Crobat,Poison,Flying,,,363,36.2%,224,21.2%,188,23.6%,,,80,18.5%,63,8.6%,49,4.8%,967,5045,19.2%
1,009,Blastoise,Water,,707,51.9%,56,5.6%,,,,,,,,,199,27.1%,,,962,3098,31.1%
1,003,Venusaur,Grass,Poison,641,47.1%,50,5.0%,,,,,,,,,206,28.1%,,,897,3098,29.0%
4,448,Lucario,Fighting,Steel,,,,,,,368,46.1%,,,198,45.8%,289,39.4%,42,4.1%,897,2985,30.1%
3,282,Gardevoir,Psychic,Fairy,,,,,580,54.9%,108,13.5%,,,,,171,23.3%,,,859,2587,33.2%
1,059,Arcanine,Fire,,448,32.9%,168,16.7%,,,,,,,138,31.9%,,,104,10.2%,858,3819,22.5%
1,143,Snorlax,Normal,,511,37.5%,107,10.7%,,,39,4.9%,,,,,51,7.0%,139,13.6%,847,4918,17.2%
1,026,Raichu,Electric,,532,39.1%,96,9.6%,78,7.4%,48,6.0%,,,,,86,11.7%,,,840,4952,17.0%
1,135,Jolteon,Electric,,514,37.8%,132,13.1%,,,66,8.3%,,,37,8.6%,50,6.8%,31,3.0%,830,5350,15.5%
1,149,Dragonite,Dragon,Flying,498,36.6%,236,23.5%,,,,,,,,,52,7.1%,29,2.8%,815,4120,19.8%
1,065,Alakazam,Psychic,,394,28.9%,137,13.6%,107,10.1%,85,10.7%,,,,,35,4.8%,41,4.0%,799,5974,13.4%
2,181,Ampharos,Electric,,,,575,57.3%,,,,,,,124,28.7%,78,10.6%,,,777,2169,35.8%
1,034,Nidoking,Poison,Ground,590,43.4%,139,13.8%,,,,,,,,,30,4.1%,,,759,3098,24.5%
1,094,Gengar,Ghost,Poison,336,24.7%,203,20.2%,,,100,12.5%,,,,,63,8.6%,48,4.7%,750,4918,15.3%
3,330,Flygon,Ground,Dragon,,,,,479,45.4%,,,,,128,29.6%,68,9.3%,34,3.3%,709,3243,21.9%
1,131,Lapras,Water,Ice,451,33.1%,139,13.8%,,,,,,,25,5.8%,78,10.6%,11,1.1%,704,4552,15.5%
1,134,Vaporeon,Water,,418,30.7%,106,10.6%,,,68,8.5%,,,44,10.2%,46,6.3%,20,2.0%,702,5350,13.1%
2,157,Typhlosion,Fire,,,,660,65.7%,,,,,,,,,,,,,660,1004,65.7%
3,260,Swampert,Water,Ground,,,,,619,58.6%,,,,,,,,,,,619,1056,58.6%
3,254,Sceptile,Grass,,,,,,603,57.1%,,,,,,,,,,,603,1056,57.1%
3,257,Blaziken,Fire,Fighting,,,,,588,55.7%,,,,,,,,,,,588,1056,55.7%
4,398,Staraptor,Normal,Flying,,,,,,,548,68.7%,,,,,27,3.7%,,,575,1531,37.6%
3,306,Aggron,Steel,Rock,,,,,491,46.5%,,,,,43,10.0%,36,4.9%,,,570,2221,25.7%
2,160,Feraligatr,Water,,,,562,56.0%,,,,,,,,,,,,,562,1004,56.0%
5,503,Samurott,Water,,,,,,,,,,363,56.4%,196,45.4%,,,,,559,1076,52.0%
2,196,Espeon,Psychic,,,,335,33.4%,,,72,9.0%,,,49,11.3%,48,6.5%,46,4.5%,550,3989,13.8%
3,376,Metagross,Steel,Psychic,,,,,428,40.5%,,,,,54,12.5%,,,66,6.5%,548,2510,21.8%
7,724,Decidueye,Grass,Ghost,,,,,,,,,,,,,,,537,52.5%,537,1022,52.5%
5,497,Serperior,Grass,,,,,,,,,,316,49.1%,192,44.4%,,,,,508,1076,47.2%
4,405,Luxray,Electric,,,,,,,,505,63.3%,,,,,,,,,505,798,63.3%
4,445,Garchomp,Dragon,Ground,,,,,,,362,45.4%,,,,,94,12.8%,46,4.5%,502,2553,19.7%
3,373,Salamence,Dragon,Flying,,,,,378,35.8%,,,,,,,59,8.0%,51,5.0%,488,2811,17.4%
5,553,Krookodile,Ground,Dark,,,,,,,,,291,45.2%,125,28.9%,48,6.5%,22,2.2%,486,2831,17.2%
2,197,Umbreon,Dark,,,,286,28.5%,,,78,9.8%,,,29,6.7%,45,6.1%,45,4.4%,483,3989,12.1%
2,214,Heracross,Bug,Fighting,,,280,27.9%,88,8.3%,52,6.5%,,,32,7.4%,20,2.7%,,,472,4023,11.7%
4,407,Roserade,Grass,Poison,,,,,113,10.7%,261,32.7%,,,39,9.0%,52,7.1%,,,465,3019,15.4%
4,395,Empoleon,Water,Steel,,,,,,,463,58.0%,,,,,,,,,463,798,58.0%
1,038,Ninetales,Fire,,250,18.4%,87,8.7%,104,9.8%,,,,,16,3.7%,,,,,457,3853,11.9%
1,142,Aerodactyl,Rock,Flying,304,22.3%,53,5.3%,,,,,,,,,50,6.8%,26,2.5%,433,4120,10.5%
4,392,Infernape,Fire,Fighting,,,,,,,431,54.0%,,,,,,,,,431,798,54.0%
6,658,Greninja,Water,Dark,,,,,,,,,,,,,429,58.5%,,,429,733,58.5%
3,359,Absol,Dark,,,,,,251,23.8%,65,8.1%,,,25,5.8%,60,8.2%,24,2.3%,425,4041,10.5%
2,248,Tyranitar,Rock,Dark,,,338,33.7%,,,,,,,39,9.0%,47,6.4%,,,424,2169,19.5%
3,277,Swellow,Normal,Flying,,,,,418,39.6%,,,,,,,6,0.8%,,,424,1789,23.7%
4,389,Torterra,Grass,Ground,,,,,,,418,52.4%,,,,,,,,,418,798,52.4%
3,334,Altaria,Dragon,Flying,,,,,306,29.0%,41,5.1%,,,24,5.6%,28,3.8%,,,399,3019,13.2%
3,310,Manectric,Electric,,,,,,373,35.3%,,,,,,,24,3.3%,,,397,1789,22.2%
2,227,Skarmory,Steel,Flying,,,147,14.6%,197,18.7%,,,,,22,5.1%,9,1.2%,21,2.1%,396,4247,9.3%
6,663,Talonflame,Fire,Flying,,,,,,,,,,,,,368,50.2%,28,2.7%,396,1755,22.6%
1,121,Starmie,Water,Psychic,205,15.1%,61,6.1%,52,4.9%,,,,,35,8.1%,14,1.9%,20,2.0%,387,5608,6.9%
4,462,Magnezone,Electric,Steel,,,,,90,8.5%,85,10.7%,,,94,21.8%,25,3.4%,93,9.1%,387,4041,9.6%
4,475,Gallade,Psychic,Fighting,,,,,159,15.1%,170,21.3%,,,,,54,7.4%,,,383,2587,14.8%
1,136,Flareon,Fire,,231,17.0%,63,6.3%,,,35,4.4%,,,13,3.0%,26,3.5%,11,1.1%,379,5350,7.1%
3,286,Breloom,Grass,Fighting,,,,,378,35.8%,,,,,,,,,,,378,1056,35.8%
5,609,Chandelure,Ghost,Fire,,,,,,,,,238,37.0%,94,21.8%,40,5.5%,,,372,1809,20.6%
7,758,Salazzle,Poison,Fire,,,,,,,,,,,,,,,371,36.3%,371,1022,36.3%
5,500,Emboar,Fire,Fighting,,,,,,,,,229,35.6%,139,32.2%,,,,,368,1076,34.2%
7,745,Lycanroc,Rock,,,,,,,,,,,,,,,,360,35.2%,360,1022,35.2%
1,068,Machamp,Fighting,,161,11.8%,76,7.6%,57,5.4%,40,5.0%,,,,,9,1.2%,16,1.6%,359,5974,6.0%
2,184,Azumarill,Water,Fairy,,,83,8.3%,145,13.7%,27,3.4%,,,45,10.4%,56,7.6%,,,356,4023,8.8%
1,012,Butterfree,Bug,Flying,238,17.5%,63,6.3%,,,,,,,,,17,2.3%,28,2.7%,346,4120,8.4%
1,028,Sandslash,Ground,,200,14.7%,74,7.4%,42,4.0%,,,,,20,4.6%,10,1.4%,,,346,4586,7.5%
5,612,Haxorus,Dragon,,,,,,,,,,206,32.0%,85,19.7%,49,6.7%,,,340,1809,18.8%
1,076,Golem,Rock,Ground,157,11.5%,91,9.1%,37,3.5%,48,6.0%,,,,,4,0.5%,,,337,4952,6.8%
2,154,Meganium,Grass,,,,325,32.4%,,,,,,,,,,,,,325,1004,32.4%
2,229,Houndoom,Dark,Fire,,,187,18.6%,,,103,12.9%,,,,,34,4.6%,,,324,2535,12.8%
1,031,Nidoqueen,Poison,Ground,252,18.5%,61,6.1%,,,,,,,,,10,1.4%,,,323,3098,10.4%
2,212,Scizor,Bug,Steel,,,191,19.0%,,,71,8.9%,,,,,38,5.2%,17,1.7%,317,3557,8.9%
1,051,Dugtrio,Ground,,281,20.6%,27,2.7%,,,,,,,,,8,1.1%,,,316,3098,10.2%
7,727,Incineroar,Fire,Dark,,,,,,,,,,,,,,,311,30.4%,311,1022,30.4%
7,730,Primarina,Water,Fairy,,,,,,,,,,,,,,,309,30.2%,309,1022,30.2%
5,571,Zoroark,Dark,,,,,,,,,,158,24.5%,108,25.0%,40,5.5%,,,306,1809,16.9%
1,045,Vileplume,Grass,Poison,205,15.1%,46,4.6%,42,4.0%,,,,,,,10,1.4%,,,303,4154,7.3%
5,635,Hydreigon,Dark,Dragon,,,,,,,,,174,27.0%,70,16.2%,53,7.2%,,,297,1809,16.4%
3,262,Mightyena,Dark,,,,,,285,27.0%,,,,,,,9,1.2%,,,294,1789,16.4%
2,164,Noctowl,Normal,Flying,,,260,25.9%,,,27,3.4%,,,,,4,0.5%,,,291,2535,11.5%
1,057,Primeape,Fighting,,250,18.4%,28,2.8%,,,,,,,,,,,9,0.9%,287,3387,8.5%
7,733,Toucannon,Normal,Flying,,,,,,,,,,,,,,,287,28.1%,287,1022,28.1%
1,071,Victreebel,Grass,Poison,199,14.6%,84,8.4%,,,,,,,,,3,0.4%,,,286,3098,9.2%
4,419,Floatzel,Water,,,,,,,,247,31.0%,,,22,5.1%,14,1.9%,,,283,1963,14.4%
3,323,Camerupt,Fire,Ground,,,,,266,25.2%,,,,,15,3.5%,,,,,281,1488,18.9%
6,655,Delphox,Fire,Psychic,,,,,,,,,,,,,280,38.2%,,,280,733,38.2%
1,073,Tentacruel,Water,Poison,105,7.7%,52,5.2%,88,8.3%,24,3.0%,,,,,3,0.4%,4,0.4%,276,5974,4.6%
3,319,Sharpedo,Water,Dark,,,,,250,23.7%,,,,,,,13,1.8%,5,0.5%,268,2811,9.5%
6,681,Aegislash,Steel,Ghost,,,,,,,,,,,,,264,36.0%,,,264,733,36.0%
5,530,Excadrill,Ground,Steel,,,,,,,,,186,28.9%,77,17.8%,,,,,263,1076,24.4%
7,026,Alolan Raichu,Electric,Psychic,,,,,,,,,,,,,,,262,25.6%,262,1022,25.6%
3,350,Milotic,Water,,,,,,188,17.8%,44,5.5%,,,,,,,26,2.5%,258,2876,9.0%
4,473,Mamoswine,Ice,Ground,,,142,14.1%,,,88,11.0%,,,14,3.2%,14,1.9%,,,258,2967,8.7%
2,176,Togetic,Fairy,Flying,,,257,25.6%,,,,,,,,,,,,,257,1004,25.6%
7,738,Vikivolt,Bug,Electric,,,,,,,,,,,,,,,257,25.1%,257,1022,25.1%
1,106,Hitmonlee,Fighting,,224,16.5%,32,3.2%,,,,,,,,,,,,,256,2365,10.8%
1,082,Magneton,Electric,Steel,166,12.2%,88,8.8%,,,,,,,,,,,,,254,2365,10.7%
1,080,Slowbro,Water,Psychic,133,9.8%,62,6.2%,,,,,,,,,14,1.9%,44,4.3%,253,4120,6.1%
5,521,Unfezant,Normal,Flying,,,,,,,,,181,28.1%,72,16.7%,,,,,253,1076,23.5%
6,700,Sylveon,Fairy,,,,,,,,,,,,,,191,26.1%,62,6.1%,253,1755,14.4%
1,055,Golduck,Water,,96,7.1%,28,2.8%,21,2.0%,62,7.8%,,,25,5.8%,8,1.1%,10,1.0%,250,6406,3.9%
5,596,Galvantula,Bug,Electric,,,,,,,,,179,27.8%,68,15.7%,,,,,247,1076,23.0%
1,112,Rhydon,Ground,Rock,199,14.6%,45,4.5%,,,,,,,,,,,,,244,2365,10.3%
7,038,Alolan Ninetales,Ice,Fairy,,,,,,,,,,,,,,,243,23.8%,243,1022,23.8%
2,195,Quagsire,Water,Ground,,,202,20.1%,,,34,4.3%,,,,,7,1.0%,,,243,2535,9.6%
5,637,Volcarona,Bug,Fire,,,,,,,,,147,22.8%,93,21.5%,,,,,240,1076,22.3%
6,652,Chesnaught,Grass,Fighting,,,,,,,,,,,,,238,32.5%,,,238,733,32.5%
1,062,Poliwrath,Water,Fighting,153,11.2%,66,6.6%,,,,,,,,,5,0.7%,12,1.2%,236,4120,5.7%
1,107,Hitmonchan,Fighting,,200,14.7%,34,3.4%,,,,,,,,,,,,,234,2365,9.9%
3,279,Pelipper,Water,Flying,,,,,189,17.9%,15,1.9%,,,3,0.7%,8,1.1%,19,1.9%,234,4041,5.8%
3,297,Hariyama,Fighting,,,,,,203,19.2%,,,,,,,9,1.2%,22,2.2%,234,2811,8.3%
5,628,Braviary,Normal,Flying,,,,,,,,,137,21.3%,78,18.1%,,,19,1.9%,234,2098,11.2%
5,523,Zebstrika,Electric,,,,,,,,,,197,30.6%,36,8.3%,,,,,233,1076,21.7%
3,272,Ludicolo,Grass,Water,,,,,220,20.8%,,,,,,,10,1.4%,,,230,1789,12.9%
1,141,Kabutops,Rock,Water,197,14.5%,32,3.2%,,,,,,,,,,,,,229,2365,9.7%
7,750,Mudsdale,Ground,,,,,,,,,,,,,,,,227,22.2%,227,1022,22.2%
2,208,Steelix,Steel,Ground,,,134,13.3%,,,61,7.6%,,,12,2.8%,18,2.5%,,,225,2967,7.6%
7,784,Kommo-o,Dragon,Fighting,,,,,,,,,,,,,,,224,21.9%,224,1022,21.9%
5,555,Darmanitan,Fire,,,,,,,,,,165,25.6%,56,13.0%,,,,,221,1076,20.5%
2,171,Lanturn,Water,Electric,,,118,11.8%,79,7.5%,,,,,,,16,2.2%,7,0.7%,220,3815,5.8%
5,560,Scrafty,Fighting,Dark,,,,,,,,,144,22.4%,56,13.0%,20,2.7%,,,220,1809,12.2%
1,078,Rapidash,Fire,,95,7.0%,24,2.4%,,,99,12.4%,,,,,,,,,218,3163,6.9%
5,545,Scolipede,Bug,Poison,,,,,,,,,121,18.8%,67,15.5%,28,3.8%,,,216,1809,11.9%
4,461,Weavile,Dark,Ice,,,,,,,158,19.8%,,,23,5.3%,16,2.2%,14,1.4%,211,2985,7.1%
7,768,Golisopod,Bug,Water,,,,,,,,,,,,,,,211,20.6%,211,1022,20.6%
5,567,Archeops,Rock,Flying,,,,,,,,,162,25.2%,40,9.3%,,,8,0.8%,210,2098,10.0%
3,365,Walrein,Ice,Water,,,,,202,19.1%,,,,,7,1.6%,,,,,209,1488,14.0%
7,778,Mimikyu,Ghost,Fairy,,,,,,,,,,,,,,,209,20.5%,209,1022,20.5%
5,508,Stoutland,Normal,,,,,,,,,,146,22.7%,48,11.1%,,,12,1.2%,206,2098,9.8%
3,264,Linoone,Normal,,,,,,188,17.8%,,,,,,,17,2.3%,,,205,1789,11.5%
1,022,Fearow,Normal,Flying,154,11.3%,48,4.8%,,,,,,,,,0,0.0%,2,0.2%,204,4120,5.0%
6,697,Tyrantrum,Rock,Dragon,,,,,,,,,,,,,203,27.7%,,,203,733,27.7%
1,105,Marowak,Ground,,164,12.0%,25,2.5%,,,,,,,,,13,1.8%,,,202,3098,6.5%
2,230,Kingdra,Water,Dragon,,,122,12.2%,59,5.6%,,,,,,,12,1.6%,,,193,2793,6.9%
1,085,Dodrio,Normal,Flying,132,9.7%,25,2.5%,23,2.2%,,,,,,,11,1.5%,,,191,4154,4.6%
6,706,Goodra,Dragon,,,,,,,,,,,,,,154,21.0%,34,3.3%,188,1755,10.7%
5,579,Reuniclus,Psychic,,,,,,,,,,134,20.8%,37,8.6%,16,2.2%,,,187,1809,10.3%
4,470,Leafeon,Grass,,,,,,,,117,14.7%,,,17,3.9%,27,3.7%,22,2.2%,183,2985,6.1%
3,275,Shiftry,Grass,Dark,,,,,181,17.1%,,,,,,,,,,,181,1056,17.1%
5,543,Leavanny,Bug,Grass,,,,,,,,,116,18.0%,65,15.0%,,,,,181,1076,16.8%
4,471,Glaceon,Ice,,,,,,,,111,13.9%,,,24,5.6%,32,4.4%,12,1.2%,179,2985,6.0%
1,125,Electabuzz,Electric,,127,9.3%,51,5.1%,,,,,,,,,,,,,178,2365,7.5%
3,295,Exploud,Normal,,,,,,169,16.0%,,,,,,,8,1.1%,,,177,1789,9.9%
3,357,Tropius,Grass,Flying,,,,,153,14.5%,15,1.9%,,,9,2.1%,,,,,177,2286,7.7%
1,103,Exeggutor,Grass,Psychic,130,9.6%,37,3.7%,,,,,,,,,9,1.2%,,,176,3098,5.7%
2,232,Donphan,Ground,,,,137,13.6%,39,3.7%,,,,,,,,,,,176,2060,8.5%
5,604,Eelectross,Electric,,,,,,,,,,140,21.7%,35,8.1%,,,,,175,1076,16.3%
4,454,Toxicroak,Poison,Fighting,,,,,,,130,16.3%,,,20,4.6%,24,3.3%,,,174,1963,8.9%
5,625,Bisharp,Dark,Steel,,,,,,,,,104,16.1%,41,9.5%,29,4.0%,,,174,1809,9.6%
3,321,Wailord,Water,,,,,,157,14.9%,,,,,3,0.7%,5,0.7%,5,0.5%,170,3243,5.2%
5,524,Gigalith,Rock,,,,,,,,,,112,17.4%,35,8.1%,10,1.4%,13,1.3%,170,2831,6.0%
1,036,Clefable,Fairy,,109,8.0%,21,2.1%,,,15,1.9%,,,11,2.5%,,,9,0.9%,165,4617,3.6%
5,537,Seismitoad,Water,Ground,,,,,,,,,142,22.0%,22,5.1%,,,,,164,1076,15.2%
1,128,Tauros,Normal,,106,7.8%,40,4.0%,,,,,,,,,6,0.8%,10,1.0%,162,4120,3.9%
3,342,Crawdaunt,Water,Dark,,,,,141,13.4%,,,,,8,1.9%,13,1.8%,,,162,2221,7.3%
4,478,Froslass,Ice,Ghost,,,,,64,6.1%,88,11.0%,,,,,,,9,0.9%,161,2876,5.6%
5,565,Carracosta,Rock,Water,,,,,,,,,121,18.8%,32,7.4%,,,6,0.6%,159,2098,7.6%
7,089,Alolan Muk,Poison,Dark,,,,,,,,,,,,,,,158,15.5%,158,1022,15.5%
5,623,Golurk,Ground,Ghost,,,,,,,,,94,14.6%,35,8.1%,29,4.0%,,,158,1809,8.7%
4,423,Gastrodon,Grass,,,,,,,,145,18.2%,,,,,,,12,1.2%,157,1820,8.6%
7,743,Rimbombee,Bug,Fairy,,,,,,,,,,,,,,,157,15.4%,157,1022,15.4%
4,468,Togekiss,Fairy,Flying,,,,,,,156,19.5%,,,,,,,,,156,798,19.5%
3,302,Sableye,Ghost,Dark,,,,,135,12.8%,,,,,,,10,1.4%,9,0.9%,154,2811,5.5%
1,091,Cloyster,Water,Ice,112,8.2%,30,3.0%,,,,,,,,,6,0.8%,5,0.5%,153,4120,3.7%
3,303,Mawile,Steel,Fairy,,,,,112,10.6%,,,,,,,40,5.5%,,,152,1789,8.5%
4,452,Drapion,Poison,Dark,,,,,,,106,13.3%,,,24,5.6%,19,2.6%,,,149,1963,7.6%
7,752,Araquanid,Bug,Water,,,,,,,,,,,,,,,149,14.6%,149,1022,14.6%
1,123,Scyther,Bug,Flying,148,10.9%,,,,,,,,,,,,,,,148,1361,10.9%
1,126,Magmar,Fire,,84,6.2%,64,6.4%,,,,,,,,,,,,,148,2365,6.3%
1,015,Beedrill,Bug,Poison,106,7.8%,32,3.2%,,,,,,,,,9,1.2%,,,147,3098,4.7%
5,620,Mienshao,Fighting,,,,,,,,,,86,13.4%,34,7.9%,26,3.5%,,,146,1809,8.1%
3,348,Armaldo,Rock,Bug,,,,,145,13.7%,,,,,,,,,,,145,1056,13.7%
3,362,Glalie,Ice,,,,,,120,11.4%,18,2.3%,,,,,,,7,0.7%,145,2876,5.0%
7,763,Tsareena,Grass,,,,,,,,,,,,,,,,145,14.2%,145,1022,14.2%
4,466,Electivire,Electric,,,,,,,,89,11.2%,,,48,11.1%,,,7,0.7%,144,2252,6.4%
1,099,Kingler,Water,,106,7.8%,37,3.7%,,,,,,,,,,,,,143,2365,6.0%
5,549,Lilligant,Grass,,,,,,,,,,88,13.7%,34,7.9%,,,21,2.1%,143,2098,6.8%
7,740,Crabominable,Fighting,Ice,,,,,,,,,,,,,,,143,14.0%,143,1022,14.0%
2,185,Sudowoodo,Rock,,,,126,12.5%,,,11,1.4%,,,,,1,0.1%,4,0.4%,142,3557,4.0%
4,426,Drifblim,Ghost,Flying,,,,,,,101,12.7%,,,7,1.6%,19,2.6%,15,1.5%,142,2985,4.8%
4,472,Gliscor,Ground,Flying,,,,,,,99,12.4%,,,27,6.3%,16,2.2%,,,142,1963,7.2%
1,101,Electrode,Electric,,69,5.1%,30,3.0%,38,3.6%,,,,,,,3,0.4%,,,140,4154,3.4%
1,097,Hypno,Psychic,,98,7.2%,36,3.6%,,,,,,,,,,,4,0.4%,138,3387,4.1%
4,400,Bibarel,Normal,Water,,,,,,,127,15.9%,,,,,11,1.5%,,,138,1531,9.0%
1,115,Kangaskhan,Normal,,90,6.6%,19,1.9%,,,,,,,,,19,2.6%,9,0.9%,137,4120,3.3%
3,308,Medicham,Fighting,Psychic,,,,,81,7.7%,42,5.3%,,,,,14,1.9%,,,137,2587,5.3%
4,430,Honchkrow,Dark,Flying,,,,,,,113,14.2%,,,,,14,1.9%,10,1.0%,137,2553,5.4%
5,561,Sigilyph,Psychic,Flying,,,,,,,,,87,13.5%,34,7.9%,16,2.2%,,,137,1809,7.6%
2,178,Xatu,Psychic,Flying,,,98,9.8%,38,3.6%,,,,,,,,,,,136,2060,6.6%
3,324,Torkoal,Fire,,,,,,123,11.6%,,,,,,,10,1.4%,3,0.3%,136,2811,4.8%
3,354,Banette,Ghost,,,,,,103,9.8%,,,,,17,3.9%,15,2.0%,,,135,2221,6.1%
4,477,Dusknoir,Ghost,,,,,,83,7.9%,52,6.5%,,,,,,,,,135,1854,7.3%
5,534,Conkeldurr,Fighting,,,,,,,,,,100,15.5%,29,6.7%,6,0.8%,,,135,1809,7.5%
3,289,Slaking,Normal,,,,,,130,12.3%,,,,,4,0.9%,,,,,134,1488,9.0%
4,479,Rotom,Electric,Ghost,,,,,,,103,12.9%,,,,,29,4.0%,,,132,1531,8.6%
1,087,Dewgong,Water,Ice,100,7.3%,25,2.5%,,,,,,,6,1.4%,,,,,131,2797,4.7%
7,746,Wishiwashi,Water,,,,,,,,,,,,,,,,131,12.8%,131,1022,12.8%
1,089,Muk,Poison,,82,6.0%,19,1.9%,17,1.6%,,,,,12,2.8%,,,,,130,3853,3.4%
6,699,Aurorus,Rock,Ice,,,,,,,,,,,,,130,17.7%,,,130,733,17.7%
7,754,Lurantis,Grass,,,,,,,,,,,,,,,,128,12.5%,128,1022,12.5%
7,105,Alolan Marowak,Fire,Ghost,,,,,,,,,,,,,,,123,12.0%,123,1022,12.0%
3,292,Shedinja,Bug,Ghost,,,,,111,10.5%,,,,,,,11,1.5%,,,122,1789,6.8%
4,409,Rampardos,Rock,,,,,,,,117,14.7%,,,,,,,5,0.5%,122,1820,6.7%
6,675,Pangoro,Fighting,Dark,,,,,,,,,,,,,106,14.5%,13,1.3%,119,1755,6.8%
3,291,Ninjask,Bug,Flying,,,,,112,10.6%,,,,,,,6,0.8%,,,118,1789,6.6%
2,469,Yanmega,Bug,Flying,,,51,5.1%,,,47,5.9%,,,13,3.0%,7,1.0%,,,118,2967,4.0%
2,162,Furret,Normal,,,,109,10.9%,,,,,,,,,6,0.8%,,,115,1737,6.6%
4,460,Abomasnow,Grass,Ice,,,,,,,95,11.9%,,,,,20,2.7%,,,115,1531,7.5%
3,335,Zangoose,Normal,,,,,,92,8.7%,,,,,11,2.5%,11,1.5%,,,114,2221,5.1%
5,512,Simisage,Grass,,,,,,,,,,77,12.0%,30,6.9%,7,1.0%,,,114,1809,6.3%
5,593,Jellicent,Water,Ghost,,,,,,,,,64,9.9%,50,11.6%,,,,,114,1076,10.6%
6,695,Heliolisk,Electric,Normal,,,,,,,,,,,,,114,15.6%,,,114,733,15.6%
6,715,Noivern,Dragon,Flying,,,,,,,,,,,,,114,15.6%,,,114,733,15.6%
1,040,Wigglytuff,Normal,Fairy,60,4.4%,15,1.5%,15,1.4%,,,,,4,0.9%,6,0.8%,12,1.2%,112,5608,2.0%
5,584,Vanilluxe,Ice,,,,,,,,,,82,12.7%,19,4.4%,6,0.8%,5,0.5%,112,2831,4.0%
4,467,Magmortar,Fire,,,,,,,,75,9.4%,,,26,6.0%,,,8,0.8%,109,2252,4.8%
5,598,Ferrothorn,Grass,Steel,,,,,,,,,68,10.6%,29,6.7%,12,1.6%,,,109,1809,6.0%
6,668,Pyroar,Fire,Normal,,,,,,,,,,,,,108,14.7%,,,108,733,14.7%
7,760,Bewear,Normal,Fighting,,,,,,,,,,,,,,,108,10.6%,108,1022,10.6%
1,139,Omastar,Rock,Water,95,7.0%,12,1.2%,,,,,,,,,,,,,107,2365,4.5%
4,429,Mismagius,Ghost,,,,,,,,72,9.0%,,,,,,,34,3.3%,106,1820,5.8%
3,344,Claydol,Ground,Psychic,,,,,97,9.2%,,,,,8,1.9%,,,,,105,1488,7.1%
1,053,Persian,Normal,,84,6.2%,20,2.0%,,,,,,,,,,,,,104,2365,4.4%
2,182,Bellossom,Grass,,,,66,6.6%,32,3.0%,,,,,,,5,0.7%,,,103,2793,3.7%
6,701,Hawlucha,Fighting,Flying,,,,,,,,,,,,,103,14.1%,,,103,733,14.1%
1,042,Golbat,Poison,Flying,102,7.5%,,,,,,,,,,,,,,,102,1361,7.5%
1,127,Pinsir,Bug,,49,3.6%,23,2.3%,11,1.0%,,,,,8,1.9%,8,1.1%,3,0.3%,102,5608,1.8%
3,267,Beautifly,Bug,Flying,,,,,86,8.1%,16,2.0%,,,,,,,,,102,1854,5.5%
7,770,Palossand,Ghost,Ground,,,,,,,,,,,,,,,102,10.0%,102,1022,10.0%
4,437,Bronzong,Steel,Psychic,,,,,,,94,11.8%,,,7,1.6%,,,,,101,1230,8.2%
5,586,Sawsbuck,Normal,Grass,,,,,,,,,73,11.3%,28,6.5%,,,,,101,1076,9.4%
6,671,Florges,Fairy,,,,,,,,,,,,,,101,13.8%,,,101,733,13.8%
1,020,Raticate,Normal,,73,5.4%,25,2.5%,,,,,,,2,0.5%,,,,,100,2797,3.6%
5,581,Swanna,Water,Flying,,,,,,,,,61,9.5%,28,6.5%,11,1.5%,,,100,1809,5.5%
1,110,Weezing,Poison,,43,3.2%,17,1.7%,23,2.2%,,,,,16,3.7%,,,,,99,3853,2.6%
7,748,Toxapex,Water,Poison,,,,,,,,,,,,,,,99,9.7%,99,1022,9.7%
3,332,Cacturne,Grass,Dark,,,,,97,9.2%,,,,,,,,,,,97,1056,9.2%
4,464,Rhyperior,Ground,Rock,,,,,24,2.3%,62,7.8%,,,,,11,1.5%,,,97,2587,3.7%
5,528,Swoobat,Psychic,Flying,,,,,,,,,77,12.0%,13,3.0%,5,0.7%,,,95,1809,5.3%
5,563,Confagrigus,Ghost,,,,,,,,,,72,11.2%,23,5.3%,,,,,95,1076,8.8%
5,516,Simipour,Water,,,,,,,,,,69,10.7%,19,4.4%,5,0.7%,,,93,1809,5.1%
6,691,Dragalge,Poison,Dragon,,,,,,,,,,,,,93,12.7%,,,93,733,12.7%
5,518,Musharna,Psychic,,,,,,,,,,75,11.6%,17,3.9%,,,,,92,1076,8.6%
6,673,Gogoat,Grass,,,,,,,,,,,,,,90,12.3%,,,90,733,12.3%
7,028,Alolan Sandslash,Ice,Steel,,,,,,,,,,,,,,,88,8.6%,88,1022,8.6%
3,340,Whiscash,Water,Ground,,,,,68,6.4%,13,1.6%,,,,,3,0.4%,4,0.4%,88,3609,2.4%
5,547,Whimsicott,Grass,Fairy,,,,,,,,,53,8.2%,19,4.4%,,,15,1.5%,87,2098,4.1%
6,666,Vivillon,Bug,Flying,,,,,,,,,,,,,86,11.7%,,,86,733,11.7%
1,047,Parasect,Bug,Grass,63,4.6%,14,1.4%,,,,,,,,,,,8,0.8%,85,3387,2.5%
1,124,Jynx,Ice,Psychic,54,4.0%,27,2.7%,,,,,,,,,4,0.5%,,,85,3098,2.7%
7,774,Minior,Rock,Flying,,,,,,,,,,,,,,,85,8.3%,85,1022,8.3%
2,168,Ariados,Bug,Poison,,,72,7.2%,,,,,,,,,3,0.4%,9,0.9%,84,2759,3.0%
5,514,Simisear,Fire,,,,,,,,,,61,9.5%,17,3.9%,6,0.8%,,,84,1809,4.6%
6,678,Meowstic,Psychic,,,,,,,,,,,,,,84,11.5%,,,84,733,11.5%
3,346,Cradily,Rock,Grass,,,,,83,7.9%,,,,,,,,,,,83,1056,7.9%
4,428,Lopunny,Normal,,,,,,,,73,9.1%,,,9,2.1%,,,,,82,1230,6.7%
3,336,Seviper,Poison,,,,,,70,6.6%,,,,,6,1.4%,4,0.5%,,,80,2221,3.6%
3,317,Swalot,Poison,,,,,,72,6.8%,,,,,,,7,1.0%,,,79,1789,4.4%
2,219,Magcargo,Fire,Rock,,,33,3.3%,43,4.1%,,,,,,,2,0.3%,,,78,2793,2.8%
5,621,Druddigon,Dragon,,,,,,,,,,49,7.6%,21,4.9%,8,1.1%,,,78,1809,4.3%
5,630,Mandibuzz,Dark,Flying,,,,,,,,,34,5.3%,33,7.6%,,,11,1.1%,78,2098,3.7%
4,415,Vespiquen,Bug,Flying,,,,,,,51,6.4%,,,8,1.9%,18,2.5%,,,77,1963,3.9%
5,510,Liepard,Dark,,,,,,,,,,50,7.8%,24,5.6%,3,0.4%,,,77,1809,4.3%
4,474,Porygon-Z,Normal,,,,,,,,61,7.6%,,,,,,,15,1.5%,76,1820,4.2%
1,049,Venomoth,Bug,Poison,60,4.4%,15,1.5%,,,,,,,,,,,,,75,2365,3.2%
2,217,Ursaring,Normal,,,,69,6.9%,,,,,,,,,6,0.8%,,,75,1737,4.3%
4,424,Ambipom,Normal,,,,38,3.8%,,,37,4.6%,,,,,,,,,75,1802,4.2%
7,103,Alolan Exeggutor,Grass,Dragon,,,,,,,,,,,,,,,74,7.2%,74,1022,7.2%
3,269,Dustox,Bug,Poison,,,,,66,6.3%,8,1.0%,,,,,,,,,74,1854,4.0%
3,326,Grumpig,Psychic,,,,,,68,6.4%,,,,,3,0.7%,3,0.4%,,,74,2221,3.3%
5,614,Beartic,Ice,,,,,,,,,,54,8.4%,14,3.2%,5,0.7%,,,73,1809,4.0%
1,083,Farfetch'd,Normal,Flying,48,3.5%,10,1.0%,,,,,,,,,14,1.9%,,,72,3098,2.3%
1,122,Mr. Mime,Psychic,Fairy,55,4.0%,5,0.5%,,,8,1.0%,,,,,4,0.5%,,,72,3896,1.8%
2,215,Sneasel,Dark,Ice,,,72,7.2%,,,,,,,,,,,,,72,1004,7.2%
2,224,Octillery,Water,,,,47,4.7%,,,16,2.0%,,,4,0.9%,4,0.5%,,,71,2967,2.4%
4,450,Hippowdon,Ground,,,,,,,,53,6.6%,,,,,18,2.5%,,,71,1531,4.6%
6,693,Clawitzer,Water,,,,,,,,,,,,,,71,9.7%,,,71,733,9.7%
5,601,Klinklang,Steel,,,,,,,,,,45,7.0%,23,5.3%,,,,,68,1076,6.3%
2,189,Jumpluff,Grass,Flying,,,63,6.3%,,,,,,,,,4,0.5%,,,67,1737,3.9%
5,587,Emolga,Electric,Flying,,,,,,,,,46,7.1%,14,3.2%,5,0.7%,2,0.2%,67,2831,2.4%
1,024,Arbok,Poison,,42,3.1%,23,2.3%,,,,,,,,,1,0.1%,,,66,3098,2.1%
2,186,Politoed,Water,,,,58,5.8%,,,,,,,,,6,0.8%,2,0.2%,66,2759,2.4%
5,539,Sawk,Fighting,,,,,,,,,,53,8.2%,8,1.9%,5,0.7%,,,66,1809,3.6%
6,687,Malamar,Dark,Psychic,,,,,,,,,,,,,66,9.0%,,,66,733,9.0%
7,773,Silvally,Normal,,,,,,,,,,,,,,,,66,6.5%,66,1022,6.5%
1,117,Seadra,Water,,65,4.8%,,,,,,,,,,,,,,,65,1361,4.8%
2,241,Miltank,Normal,,,,56,5.6%,,,,,,,,,6,0.8%,3,0.3%,65,2759,2.4%
3,369,Relicanth,Water,Rock,,,,,60,5.7%,,,,,,,4,0.5%,1,0.1%,65,2811,2.3%
4,442,Spiritomb,Ghost,Dark,,,,,,,63,7.9%,,,,,,,,,63,798,7.9%
2,205,Forretress,Bug,Steel,,,62,6.2%,,,,,,,,,,,,,62,1004,6.2%
3,352,Kecleon,Normal,,,,,,56,5.3%,,,,,,,6,0.8%,,,62,1789,3.5%
1,095,Onix,Rock,Ground,61,4.5%,,,,,,,,,,,,,,,61,1361,4.5%
3,351,Castform,Normal,,,,,,59,5.6%,,,,,1,0.2%,,,1,0.1%,61,2510,2.4%
6,709,Trevenant,Ghost,Grass,,,,,,,,,,,,,55,7.5%,6,0.6%,61,1755,3.5%
4,411,Bastiodon,Rock,Steel,,,,,,,56,7.0%,,,,,,,4,0.4%,60,1820,3.3%
5,558,Crustle,Bug,Rock,,,,,,,,,40,6.2%,13,3.0%,7,1.0%,,,60,1809,3.3%
2,199,Slowking,Water,Psychic,,,49,4.9%,,,,,,,,,4,0.5%,6,0.6%,59,2759,2.1%
3,312,Minun,Electric,,,,,,55,5.2%,,,,,,,4,0.5%,,,59,1789,3.3%
7,741,Oricorio,Electric/Fire/Psychic/Ghost,Flying,,,,,,,,,,,,,,,59,5.8%,59,1022,5.8%
3,284,Masquerain,Bug,Flying,,,,,52,4.9%,,,,,,,4,0.5%,2,0.2%,58,2811,2.1%
5,576,Gothitelle,Psychic,,,,,,,,,,37,5.7%,18,4.2%,3,0.4%,,,58,1809,3.2%
3,301,Delcatty,Normal,,,,,,49,4.6%,,,,,4,0.9%,4,0.5%,,,57,2221,2.6%
6,660,Diggersby,Normal,Ground,,,,,,,,,,,,,57,7.8%,,,57,733,7.8%
2,242,Blissey,Normal,,,,25,2.5%,,,23,2.9%,,,,,,,8,0.8%,56,2824,2.0%
2,226,Mantine,Water,Flying,,,43,4.3%,,,6,0.8%,,,4,0.9%,2,0.3%,,,55,2967,1.9%
2,203,Girafarig,Normal,Psychic,,,35,3.5%,9,0.9%,10,1.3%,,,,,,,,,54,2858,1.9%
5,538,Throh,Fighting,,,,,,,,,,43,6.7%,8,1.9%,2,0.3%,,,53,1809,2.9%
7,053,Alolan Persian,Dark,,,,,,,,,,,,,,,,52,5.1%,52,1022,5.1%
1,132,Ditto,Normal,,34,2.5%,7,0.7%,,,,,,,2,0.5%,6,0.8%,3,0.3%,52,4552,1.1%
2,207,Gligar,Ground,Flying,,,52,5.2%,,,,,,,,,,,,,52,1004,5.2%
5,573,Cinccino,Normal,,,,,,,,,,33,5.1%,19,4.4%,,,,,52,1076,4.8%
7,051,Alolan Dugtrio,Ground,Steel,,,,,,,,,,,,,,,50,4.9%,50,1022,4.9%
5,589,Escavalier,Bug,Steel,,,,,,,,,33,5.1%,13,3.0%,4,0.5%,,,50,1809,2.8%
2,202,Wobbuffet,Psychic,,,,27,2.7%,21,2.0%,,,,,,,1,0.1%,,,49,2793,1.8%
2,210,Granbull,Fairy,,,,29,2.9%,,,,,,,,,9,1.2%,11,1.1%,49,2759,1.8%
4,417,Pachirisu,Electric,,,,,,,,43,5.4%,,,,,4,0.5%,,,47,1531,3.1%
2,237,Hitmontop,Fighting,,,,46,4.6%,,,,,,,,,,,,,46,1004,4.6%
2,166,Ledian,Bug,Flying,,,32,3.2%,,,,,,,,,2,0.3%,10,1.0%,44,2759,1.6%
7,781,Dhelmise,Ghost,Grass,,,,,,,,,,,,,,,44,4.3%,44,1022,4.3%
2,200,Misdreavus,Ghost,,,,43,4.3%,,,,,,,,,,,,,43,1004,4.3%
2,198,Murkrow,Dark,Flying,,,42,4.2%,,,,,,,,,,,,,42,1004,4.2%
3,311,Plusle,Electric,,,,,,39,3.7%,,,,,,,3,0.4%,,,42,1789,2.3%
3,338,Solrock,Rock,Psychic,,,,,37,3.5%,,,,,1,0.2%,4,0.5%,,,42,2221,1.9%
4,465,Tangrowth,Grass,,,,13,1.3%,,,26,3.3%,,,3,0.7%,,,,,42,2234,1.9%
7,766,Passimian,Fighting,,,,,,,,,,,,,,,,41,4.0%,41,1022,4.0%
5,617,Accelgor,Bug,,,,,,,,,,24,3.7%,12,2.8%,3,0.4%,,,39,1809,2.2%
7,756,Shiinotic,Grass,Fairy,,,,,,,,,,,,,,,38,3.7%,38,1022,3.7%
2,213,Shuckle,Bug,Rock,,,35,3.5%,,,,,,,1,0.2%,1,0.1%,,,37,2169,1.7%
2,222,Corsola,Water,Rock,,,23,2.3%,12,1.1%,,,,,0,0.0%,1,0.1%,1,0.1%,37,4247,0.9%
5,606,Beheeyem,Psychic,,,,,,,,,,24,3.7%,13,3.0%,,,,,37,1076,3.4%
1,113,Chansey,Normal,,36,2.6%,,,,,,,,,,,,,,,36,1361,2.6%
1,119,Seaking,Water,,20,1.5%,6,0.6%,7,0.7%,2,0.3%,,,,,0,0.0%,1,0.1%,36,5974,0.6%
6,713,Avalugg,Ice,,,,,,,,,,,,,,36,4.9%,,,36,733,4.9%
7,765,Oranguru,Normal,Psychic,,,,,,,,,,,,,,,36,3.5%,36,1022,3.5%
2,206,Dunsparce,Normal,,,,26,2.6%,,,,,,,3,0.7%,6,0.8%,,,35,2169,1.6%
5,569,Garbodor,Poison,,,,,,,,,,21,3.3%,7,1.6%,4,0.5%,3,0.3%,35,2831,1.2%
7,735,Gumshoos,Normal,,,,,,,,,,,,,,,,35,3.4%,35,1022,3.4%
7,776,Turtonator,Fire,Dragon,,,,,,,,,,,,,,,34,3.3%,34,1022,3.3%
4,476,Probopass,Rock,Steel,,,,,14,1.3%,9,1.1%,,,3,0.7%,2,0.3%,5,0.5%,33,4041,0.8%
6,707,Klefki,Steel,Fairy,,,,,,,,,,,,,25,3.4%,8,0.8%,33,1755,1.9%
7,076,Alolan Golem,Rock,Electric,,,,,,,,,,,,,,,32,3.1%,32,1022,3.1%
4,441,Chatot,Normal,Flying,,,,,,,31,3.9%,,,,,1,0.1%,,,32,1531,2.1%
4,435,Skuntank,Poison,Dark,,,,,,,28,3.5%,,,,,2,0.3%,,,30,1531,2.0%
5,632,Durant,Bug,Steel,,,,,,,,,21,3.3%,3,0.7%,6,0.8%,,,30,1809,1.7%
7,020,Alolan Raticate,Dark,Normal,,,,,,,,,,,,,,,29,2.8%,29,1022,2.8%
3,358,Chimecho,Psychic,,,,,,18,1.7%,9,1.1%,,,,,2,0.3%,,,29,2587,1.1%
2,192,Sunflora,Grass,,,,24,2.4%,,,,,,,4,0.9%,,,,,28,1436,1.9%
2,233,Porygon2,Normal,,,,28,2.8%,,,,,,,,,,,,,28,1004,2.8%
2,235,Smeargle,Normal,,,,16,1.6%,,,,,,,,,3,0.4%,8,0.8%,27,2759,1.0%
4,402,Kricketune,Bug,,,,,,,,27,3.4%,,,,,,,,,27,798,3.4%
5,531,Audino,Normal,,,,,,,,,,18,2.8%,4,0.9%,4,0.5%,,,26,1809,1.4%
5,505,Watchog,Normal,,,,,,,,,,16,2.5%,9,2.1%,,,,,25,1076,2.3%
5,591,Amoongus,Grass,Poison,,,,,,,,,13,2.0%,5,1.2%,7,1.0%,,,25,1809,1.4%
7,777,Togedemaru,Electric,Steel,,,,,,,,,,,,,,,25,2.4%,25,1022,2.4%
1,137,Porygon,Normal,,24,1.8%,,,,,,,,,,,,,,,24,1361,1.8%
5,556,Maractus,Grass,,,,,,,,,,19,3.0%,5,1.2%,,,,,24,1076,2.2%
6,711,Gourgeist,Ghost,Grass,,,,,,,,,,,,,24,3.3%,,,24,733,3.3%
7,780,Drampa,Normal,Dragon,,,,,,,,,,,,,,,24,2.3%,24,1022,2.3%
3,337,Lunatone,Rock,Psychic,,,,,20,1.9%,,,,,0,0.0%,3,0.4%,,,23,2221,1.0%
3,367,Huntail,Water,,,,,,23,2.2%,,,,,,,0,0.0%,,,23,1789,1.3%
4,414,Mothim,Bug,Flying,,,,,,,18,2.3%,,,,,5,0.7%,,,23,1531,1.5%
5,626,Bouffalant,Normal,,,,,,,,,,17,2.6%,6,1.4%,,,,,23,1076,2.1%
4,463,Lickilicky,Normal,,,,6,0.6%,,,12,1.5%,,,2,0.5%,2,0.3%,,,22,2967,0.7%
6,676,Furfrou,Normal,,,,,,,,,,,,,,22,3.0%,,,22,733,3.0%
3,368,Gorebyss,Water,,,,,,21,2.0%,,,,,,,0,0.0%,,,21,1789,1.2%
4,455,Carnivine,Grass,,,,,,,,21,2.6%,,,0,0.0%,0,0.0%,,,21,1963,1.1%
5,550,Basculin,Water,,,,,,,,,,13,2.0%,7,1.6%,1,0.1%,,,21,1809,1.2%
7,775,Komala,Normal,,,,,,,,,,,,,,,,19,1.9%,19,1022,1.9%
1,114,Tangela,Grass,,18,1.3%,,,,,,,,,,,,,,,18,1361,1.3%
2,201,Unown,Psychic,,,,17,1.7%,,,1,0.1%,,,,,,,,,18,1802,1.0%
2,234,Stantler,Normal,,,,18,1.8%,,,,,,,,,,,,,18,1004,1.8%
5,631,Heatmor,Fire,,,,,,,,,,11,1.7%,5,1.2%,2,0.3%,,,18,1809,1.0%
6,703,Carbink,Rock,Fairy,,,,,,,,,,,,,11,1.5%,7,0.7%,18,1755,1.0%
5,615,Cryogonal,Ice,,,,,,,,,,11,1.7%,3,0.7%,3,0.4%,,,17,1809,0.9%
6,689,Barbaracle,Water,Rock,,,,,,,,,,,,,17,2.3%,,,17,733,2.3%
6,702,Dedenne,Electric,Fairy,,,,,,,,,,,,,17,2.3%,,,17,733,2.3%
2,211,Qwilfish,Water,Poison,,,16,1.6%,,,,,,,,,0,0.0%,,,16,1737,0.9%
7,764,Comfey,Fairy,,,,,,,,,,,,,,,,16,1.6%,16,1022,1.6%
2,225,Delibird,Ice,Flying,,,14,1.4%,,,,,,,0,0.0%,0,0.0%,1,0.1%,15,3191,0.5%
3,327,Spinda,Normal,,,,,,10,0.9%,,,,,,,3,0.4%,0,0.0%,13,2811,0.5%
4,421,Cherrim,Grass,,,,,,,,13,1.6%,,,,,,,,,13,798,1.6%
4,457,Lumineon,Water,,,,,,,,12,1.5%,,,,,,,1,0.1%,13,1820,0.7%
5,618,Stunfisk,Ground,Electric,,,,,,,,,6,0.9%,2,0.5%,5,0.7%,,,13,1809,0.7%
3,313,Volbeat,Bug,,,,,,11,1.0%,,,,,,,1,0.1%,,,12,1789,0.7%
4,432,Purugly,Normal,,,,,,,,12,1.5%,,,,,,,,,12,798,1.5%
1,108,Lickitung,Normal,,11,0.8%,,,,,,,,,,,,,,,11,1361,0.8%
5,594,Alomomola,Water,,,,,,,,,,6,0.9%,3,0.7%,2,0.3%,0,0.0%,11,2831,0.4%
7,779,Bruxish,Water,Psychic,,,,,,,,,,,,,,,11,1.1%,11,1022,1.1%
6,683,Aromatisse,Fairy,,,,,,,,,,,,,,10,1.4%,,,10,733,1.4%
7,771,Pyukumuku,Water,,,,,,,,,,,,,,,,9,0.9%,9,1022,0.9%
3,314,Illumise,Bug,,,,,,5,0.5%,,,,,,,2,0.3%,,,7,1789,0.4%
4,413,Wormadam,Bug,Grass/Ground/Steel,,,,,,,4,0.5%,,,,,1,0.1%,,,5,1531,0.3%
3,370,Luvdisc,Water,,,,,,3,0.3%,,,,,,,0,0.0%,0,0.0%,3,2811,0.1%
6,685,Slurpluff,Fairy,,,,,,,,,,,,,,,,,,0,0,#DIV/0!